epoch,time,train/box_loss,train/cls_loss,train/dfl_loss,metrics/precision(B),metrics/recall(B),metrics/mAP50(B),metrics/mAP50-95(B),val/box_loss,val/cls_loss,val/dfl_loss,lr/pg0,lr/pg1,lr/pg2
1,42.294,1.29329,5.74255,1.21892,0,0,0,0,0.86733,4.93555,1.02639,1.749e-05,1.749e-05,1.749e-05
2,83.4546,1.25652,5.62348,1.2075,0,0,0,0,0.88626,4.90333,1.0215,3.6208e-05,3.6208e-05,3.6208e-05
3,105.125,1.17947,5.48435,1.12159,0,0,0,0,0.90781,4.874,1.0141,5.45481e-05,5.45481e-05,5.45481e-05
4,130.633,1.16766,5.30799,1.14526,0,0,0,0,0.9381,4.8157,1.00646,7.25105e-05,7.25105e-05,7.25105e-05
5,153.014,1.12687,5.17134,1.07225,0,0,0,0,0.96152,4.74671,1.00434,9.00951e-05,9.00951e-05,9.00951e-05
6,174.199,1.14588,5.02196,1.10339,0.00978,0.02076,0.0088,0.00772,0.96854,4.61829,0.99796,0.000107302,0.000107302,0.000107302
7,196.322,1.19277,4.77517,1.10872,0.02315,0.16389,0.04017,0.03548,0.99038,4.36268,1.00517,0.000124131,0.000124131,0.000124131
8,218.491,1.22264,4.53684,1.13437,0.01553,0.24799,0.03628,0.0311,1.0045,4.1914,1.02214,0.000140582,0.000140582,0.000140582
9,240.291,1.19922,4.50923,1.08107,0.44395,0.04995,0.03606,0.03055,1.00424,4.10729,1.02876,0.000146407,0.000146407,0.000146407
10,261.693,1.28459,4.50113,1.09996,0.49871,0.0443,0.04087,0.03407,1.00497,3.99218,1.02985,0.000144833,0.000144833,0.000144833
11,282.253,1.25999,4.41469,1.12518,0.45285,0.05704,0.04289,0.03637,1.00429,3.9267,1.02585,0.000143259,0.000143259,0.000143259
12,303.417,1.14494,4.15961,1.07174,0.37989,0.07438,0.04605,0.03969,0.99794,3.86729,1.03112,0.000141685,0.000141685,0.000141685
13,325.671,1.18373,4.06856,1.09896,0.38536,0.07144,0.04987,0.04394,1.01689,3.82222,1.04083,0.000140111,0.000140111,0.000140111
14,347.55,1.11397,3.92168,1.0489,0.40936,0.06677,0.04675,0.04097,1.01523,3.72927,1.04741,0.000138537,0.000138537,0.000138537
15,369.119,1.11241,3.88197,1.08876,0.43399,0.06475,0.0481,0.04089,0.99618,3.66387,1.03528,0.000136963,0.000136963,0.000136963
16,390.401,1.10024,3.84026,1.04907,0.36411,0.08566,0.0518,0.04203,0.95581,3.60359,1.01897,0.000135388,0.000135388,0.000135388
17,411.09,1.08866,3.61829,1.0461,0.35855,0.07642,0.05943,0.04876,0.95424,3.56854,1.02998,0.000133814,0.000133814,0.000133814
18,431.894,1.13263,3.69899,1.0638,0.40921,0.08735,0.06491,0.05449,0.95991,3.54429,1.0431,0.00013224,0.00013224,0.00013224
19,452.798,1.13082,3.5647,1.08511,0.43895,0.09571,0.05986,0.05009,0.98181,3.51744,1.05211,0.000130666,0.000130666,0.000130666
20,474.762,1.07794,3.45176,1.06072,0.45207,0.08258,0.06684,0.05652,0.97377,3.51047,1.04691,0.000129092,0.000129092,0.000129092
21,495.49,1.09514,3.49795,1.06558,0.45391,0.08981,0.07037,0.0591,0.96042,3.51608,1.03963,0.000127518,0.000127518,0.000127518
22,517.312,1.06264,3.28309,1.04539,0.56894,0.09196,0.07131,0.05788,0.98174,3.51907,1.04874,0.000125944,0.000125944,0.000125944
23,540.632,1.15397,3.27201,1.06728,0.45169,0.08776,0.06969,0.05638,1.01193,3.49428,1.06594,0.00012437,0.00012437,0.00012437
24,562.475,1.08734,3.30309,1.04613,0.62196,0.07321,0.07161,0.05729,1.01706,3.45573,1.06907,0.000122796,0.000122796,0.000122796
25,584.829,1.14008,3.28511,1.06442,0.49372,0.10502,0.07405,0.05927,1.01258,3.42419,1.05493,0.000121222,0.000121222,0.000121222
26,606.833,1.07354,3.25646,1.02466,0.46575,0.09937,0.06802,0.05683,1.02013,3.39137,1.06135,0.000119647,0.000119647,0.000119647
27,628.344,1.03078,3.14815,1.04483,0.37238,0.1297,0.07176,0.05932,1.0234,3.35679,1.07437,0.000118073,0.000118073,0.000118073
28,650.381,1.03469,3.03011,1.03643,0.32791,0.13279,0.0729,0.06126,1.0187,3.33881,1.06261,0.000116499,0.000116499,0.000116499
29,673.211,1.06173,2.95484,1.01141,0.36985,0.12043,0.08428,0.06633,1.02792,3.34603,1.0609,0.000114925,0.000114925,0.000114925
30,693.973,1.01065,2.84916,1.03459,0.37163,0.12618,0.08405,0.06461,1.02606,3.29724,1.06056,0.000113351,0.000113351,0.000113351
31,715.628,1.05143,2.81456,1.05541,0.35828,0.12144,0.09257,0.0721,1.03337,3.30612,1.07276,0.000111777,0.000111777,0.000111777
32,737.57,1.09532,2.86168,1.03945,0.41452,0.12162,0.0846,0.07126,1.02986,3.35314,1.07645,0.000110203,0.000110203,0.000110203
33,759.202,1.0222,2.8433,1.01861,0.40583,0.1266,0.07889,0.06555,1.02402,3.35454,1.07898,0.000108629,0.000108629,0.000108629
34,777.477,1.04733,2.81571,1.03136,0.3482,0.12482,0.08836,0.071,1.0227,3.35552,1.08854,0.000107055,0.000107055,0.000107055
35,797.787,1.05276,2.80885,1.00208,0.35029,0.1419,0.09004,0.0685,1.02268,3.36153,1.09944,0.000105481,0.000105481,0.000105481
36,814.673,0.99529,2.69786,1.02513,0.30202,0.13225,0.08188,0.06917,1.03545,3.37623,1.1128,0.000103906,0.000103906,0.000103906
37,832.416,1.01954,2.62125,0.9933,0.37842,0.11729,0.07886,0.06664,1.03887,3.37999,1.10557,0.000102332,0.000102332,0.000102332
38,848.68,0.98413,2.52261,0.98883,0.34714,0.11332,0.07855,0.0668,1.03948,3.38762,1.10359,0.000100758,0.000100758,0.000100758
39,865.482,0.97531,2.63023,1.00633,0.34771,0.11045,0.09521,0.07367,1.04045,3.41501,1.09515,9.91842e-05,9.91842e-05,9.91842e-05
40,885.346,0.96752,2.49375,1.00584,0.32919,0.11152,0.09284,0.08104,1.02384,3.42156,1.07709,9.76101e-05,9.76101e-05,9.76101e-05
41,903.481,0.95341,2.47003,1.00332,0.28094,0.11736,0.09205,0.0807,1.01837,3.4236,1.07374,9.6036e-05,9.6036e-05,9.6036e-05
42,924.241,0.98748,2.42522,1.00839,0.32932,0.12786,0.09989,0.08304,1.04122,3.42211,1.08383,9.44619e-05,9.44619e-05,9.44619e-05
43,943.966,0.97145,2.39917,1.00283,0.33297,0.13212,0.09298,0.07637,1.03959,3.40312,1.07841,9.28878e-05,9.28878e-05,9.28878e-05
44,963.344,0.96049,2.36543,0.99761,0.27136,0.1253,0.08589,0.07219,1.03041,3.37153,1.08656,9.13137e-05,9.13137e-05,9.13137e-05
45,983.881,1.01797,2.39637,1.00512,0.30012,0.11374,0.08502,0.07148,1.02487,3.35648,1.08546,8.97396e-05,8.97396e-05,8.97396e-05
46,1004.08,0.99334,2.3819,1.00161,0.36584,0.11401,0.09061,0.07669,1.04011,3.33003,1.09417,8.81655e-05,8.81655e-05,8.81655e-05
47,1023.94,0.90913,2.27955,0.98999,0.34761,0.12814,0.09622,0.07875,1.04842,3.31459,1.08626,8.65914e-05,8.65914e-05,8.65914e-05
48,1041.97,0.89425,2.23465,0.97554,0.35148,0.12398,0.10151,0.08101,1.05499,3.35042,1.08436,8.50173e-05,8.50173e-05,8.50173e-05
49,1060.82,0.9411,2.31657,0.99735,0.37295,0.11627,0.0964,0.07646,1.03296,3.39839,1.07135,8.34432e-05,8.34432e-05,8.34432e-05
50,1079.44,0.91062,2.22961,0.96294,0.36794,0.11366,0.09206,0.0743,1.03906,3.42081,1.07721,8.18691e-05,8.18691e-05,8.18691e-05
51,1098.64,0.90209,2.164,0.95884,0.33134,0.13863,0.09494,0.07652,1.05058,3.39723,1.08776,8.0295e-05,8.0295e-05,8.0295e-05
52,1145.33,0.85058,2.10928,0.97243,0.40585,0.13007,0.0997,0.08062,1.04789,3.37555,1.08462,7.87209e-05,7.87209e-05,7.87209e-05
53,1186.83,0.87853,2.08932,0.95408,0.41064,0.12849,0.10301,0.08305,1.03899,3.36898,1.0798,7.71468e-05,7.71468e-05,7.71468e-05
54,1205.93,0.9314,2.13079,0.97793,0.35508,0.12871,0.11037,0.08927,1.04747,3.359,1.0874,7.55727e-05,7.55727e-05,7.55727e-05
55,1225.1,0.88422,2.08655,0.97462,0.27141,0.12929,0.10589,0.09133,1.05663,3.37094,1.09793,7.39986e-05,7.39986e-05,7.39986e-05
56,1244.77,0.91746,2.15572,0.95399,0.3168,0.13589,0.11335,0.0926,1.04657,3.35042,1.09215,7.24245e-05,7.24245e-05,7.24245e-05
57,1264.35,0.85567,2.02921,0.96482,0.32373,0.12885,0.09749,0.08242,1.05046,3.35581,1.09613,7.08504e-05,7.08504e-05,7.08504e-05
58,1285.04,0.93201,2.082,0.95669,0.29177,0.14105,0.10008,0.08285,1.03567,3.36928,1.08686,6.92763e-05,6.92763e-05,6.92763e-05
59,1306.05,0.89457,2.04788,0.94581,0.34861,0.12313,0.10152,0.08452,1.03311,3.40647,1.0781,6.77022e-05,6.77022e-05,6.77022e-05
60,1325.37,0.87322,2.04787,0.97813,0.32925,0.14396,0.10279,0.08672,1.03992,3.42119,1.08237,6.61281e-05,6.61281e-05,6.61281e-05
61,1345.25,0.89026,2.05373,0.95497,0.3676,0.14354,0.10559,0.08922,1.04468,3.41924,1.08213,6.4554e-05,6.4554e-05,6.4554e-05
62,1366.08,0.86951,2.03431,0.99202,0.43116,0.12654,0.10068,0.08509,1.04188,3.40579,1.08231,6.29799e-05,6.29799e-05,6.29799e-05
63,1385.95,0.86735,1.93945,0.94367,0.43647,0.12047,0.10218,0.08653,1.05111,3.42451,1.09347,6.14058e-05,6.14058e-05,6.14058e-05
64,1404.98,0.83453,1.8375,0.94926,0.35569,0.12568,0.10816,0.09342,1.06289,3.43868,1.11036,5.98317e-05,5.98317e-05,5.98317e-05
65,1423.68,0.90932,1.95019,0.94892,0.29989,0.13218,0.10454,0.08941,1.06057,3.44292,1.1002,5.82576e-05,5.82576e-05,5.82576e-05
66,1442.65,0.8705,1.95261,0.96212,0.36362,0.12793,0.11161,0.08885,1.05274,3.44377,1.09694,5.66835e-05,5.66835e-05,5.66835e-05
67,1470.62,0.82264,1.8144,0.95235,0.51514,0.11442,0.11326,0.0902,1.06092,3.41516,1.09926,5.51094e-05,5.51094e-05,5.51094e-05
68,1525.42,0.88474,1.91552,0.95379,0.48283,0.11456,0.10865,0.09518,1.06821,3.39908,1.10515,5.35353e-05,5.35353e-05,5.35353e-05
69,1544.47,0.87007,2.01272,0.96588,0.48716,0.11765,0.11815,0.09324,1.06452,3.3758,1.09875,5.19612e-05,5.19612e-05,5.19612e-05
70,1561.68,0.80148,1.87347,0.93947,0.38656,0.14787,0.11962,0.09572,1.05759,3.3873,1.09684,5.03871e-05,5.03871e-05,5.03871e-05
71,1577.81,0.81636,1.8293,0.95323,0.44063,0.14577,0.12036,0.09556,1.03016,3.39539,1.08779,4.8813e-05,4.8813e-05,4.8813e-05
72,1595.98,0.86503,1.82168,0.95382,0.33828,0.15454,0.11872,0.09345,1.02802,3.40832,1.09028,4.72389e-05,4.72389e-05,4.72389e-05
73,1615.2,0.86575,1.89567,0.95233,0.32933,0.15344,0.11447,0.08863,1.01649,3.40477,1.08858,4.56648e-05,4.56648e-05,4.56648e-05
74,1634.29,0.78536,1.70803,0.93981,0.31112,0.15326,0.11387,0.0879,1.01855,3.36833,1.08974,4.40907e-05,4.40907e-05,4.40907e-05
75,1654.31,0.86475,1.74493,0.94929,0.54501,0.13079,0.11725,0.08956,1.01521,3.3315,1.08481,4.25166e-05,4.25166e-05,4.25166e-05
76,1673.6,0.8141,1.81303,0.93473,0.54174,0.13215,0.11756,0.09095,1.02277,3.32666,1.08194,4.09425e-05,4.09425e-05,4.09425e-05
77,1693.78,0.83774,1.84137,0.95592,0.37619,0.13907,0.11431,0.0877,1.03261,3.30679,1.08665,3.93684e-05,3.93684e-05,3.93684e-05
78,1714.67,0.86479,1.86694,0.95773,0.39963,0.13806,0.11436,0.0876,1.02989,3.31796,1.08776,3.77943e-05,3.77943e-05,3.77943e-05
79,1733.56,0.80896,1.8015,0.954,0.39826,0.13756,0.11581,0.09157,1.02274,3.32266,1.08332,3.62202e-05,3.62202e-05,3.62202e-05
80,1752.87,0.80888,1.7232,0.94468,0.3538,0.13854,0.11908,0.09146,1.03446,3.33277,1.09305,3.46461e-05,3.46461e-05,3.46461e-05
81,1771.68,0.80613,1.68104,0.94532,0.37361,0.13907,0.11711,0.09117,1.03469,3.34722,1.09503,3.3072e-05,3.3072e-05,3.3072e-05
82,1789.49,0.77388,1.66621,0.91188,0.40734,0.1392,0.12183,0.10013,1.03098,3.383,1.0945,3.14979e-05,3.14979e-05,3.14979e-05
83,1808,0.84428,1.77517,0.94177,0.34427,0.14065,0.11256,0.09848,1.04939,3.40785,1.10527,2.99238e-05,2.99238e-05,2.99238e-05
84,1827.66,0.78103,1.71196,0.9531,0.32509,0.12885,0.11133,0.09706,1.04132,3.41186,1.10074,2.83497e-05,2.83497e-05,2.83497e-05
85,1846.71,0.88908,1.7852,0.95623,0.32675,0.13042,0.10501,0.0924,1.04685,3.40974,1.10557,2.67756e-05,2.67756e-05,2.67756e-05
86,1865.39,0.78356,1.71007,0.92136,0.39645,0.1354,0.11225,0.09168,1.05129,3.39476,1.10846,2.52015e-05,2.52015e-05,2.52015e-05
87,1884.1,0.8301,1.69988,0.9341,0.41065,0.1257,0.10423,0.09141,1.05561,3.39712,1.10999,2.36274e-05,2.36274e-05,2.36274e-05
88,1903.33,0.80689,1.73066,0.93061,0.43443,0.12571,0.10507,0.09214,1.05404,3.39638,1.11324,2.20533e-05,2.20533e-05,2.20533e-05
89,1923.59,0.84114,1.81462,0.94546,0.3817,0.12571,0.10468,0.09034,1.05912,3.39656,1.11663,2.04792e-05,2.04792e-05,2.04792e-05
90,1942.57,0.81377,1.70207,0.93236,0.35738,0.12663,0.10803,0.09177,1.05516,3.4005,1.11991,1.89051e-05,1.89051e-05,1.89051e-05
91,1961.28,0.78875,2.17226,0.92562,0.38417,0.12276,0.09874,0.08409,1.05562,3.40336,1.1057,1.7331e-05,1.7331e-05,1.7331e-05
92,1979.64,0.73146,1.96216,0.88476,0.30842,0.13137,0.09518,0.08087,1.04312,3.41059,1.08967,1.57569e-05,1.57569e-05,1.57569e-05
93,1999.43,0.72917,2.04025,0.88565,0.33984,0.11612,0.09214,0.07872,1.04273,3.43067,1.07783,1.41828e-05,1.41828e-05,1.41828e-05
94,2019.58,0.76593,2.02929,0.90887,0.33448,0.11485,0.09032,0.07687,1.06416,3.43255,1.08703,1.26087e-05,1.26087e-05,1.26087e-05
95,2039.46,0.75458,2.02926,0.88849,0.33646,0.12327,0.08945,0.07627,1.0714,3.43928,1.09597,1.10346e-05,1.10346e-05,1.10346e-05
96,2059.1,0.79242,2.07438,0.90737,0.33801,0.11728,0.08921,0.07531,1.07233,3.44518,1.09713,9.4605e-06,9.4605e-06,9.4605e-06
97,2079.01,0.75646,2.00873,0.90911,0.34306,0.11786,0.08923,0.07533,1.07851,3.43489,1.09647,7.8864e-06,7.8864e-06,7.8864e-06
98,2098.78,0.74425,2.03119,0.88984,0.34266,0.11481,0.08947,0.07519,1.08309,3.43877,1.10166,6.3123e-06,6.3123e-06,6.3123e-06
99,2118.23,0.73704,1.91908,0.90444,0.30671,0.13294,0.08965,0.07533,1.08594,3.44004,1.10114,4.7382e-06,4.7382e-06,4.7382e-06
100,2137.77,0.75734,2.04884,0.8981,0.30158,0.13412,0.08857,0.07424,1.09989,3.45989,1.10765,3.1641e-06,3.1641e-06,3.1641e-06
